{"train": {"accuracy": 0.952712100139082, "roc_auc": 0.7273074961754208, "f1": 0.7813953488372094, "train_size": 719, "train_time": 0.011908769607543945}, "test": {"accuracy": 0.7388888888888889, "roc_auc": 0.7273074961754208, "f1": 0.7813953488372094, "test_size": 180}}